guid,title,updated,resource_url,local_path
dae54112-03da-4529-a3cf-5c95ef30012c,dae54112-03da-4529-a3cf-5c95ef30012c,2019-04-01T09:13:31.0870000Z,https://gegevensmagazijn.tweedekamer.nl/SyncFeed/2.0/Resources/dae54112-03da-4529-a3cf-5c95ef30012c,tweede_kamer_documents\dae54112-03da-4529-a3cf-5c95ef30012c_dae54112-03da-4529-a3cf-5c95ef30012c.bin
8633e132-69c5-4ada-a524-5eda1bfb2226,8633e132-69c5-4ada-a524-5eda1bfb2226,2019-04-01T09:28:52.6330000Z,https://gegevensmagazijn.tweedekamer.nl/SyncFeed/2.0/Resources/8633e132-69c5-4ada-a524-5eda1bfb2226,tweede_kamer_documents\8633e132-69c5-4ada-a524-5eda1bfb2226_8633e132-69c5-4ada-a524-5eda1bfb2226.bin
fa6c168d-0ebe-4562-95af-13999ccdb936,fa6c168d-0ebe-4562-95af-13999ccdb936,2019-04-01T09:29:04.1630000Z,https://gegevensmagazijn.tweedekamer.nl/SyncFeed/2.0/Resources/fa6c168d-0ebe-4562-95af-13999ccdb936,tweede_kamer_documents\fa6c168d-0ebe-4562-95af-13999ccdb936_fa6c168d-0ebe-4562-95af-13999ccdb936.bin
ee1a3797-f109-4678-9a43-5d6f707f3f29,ee1a3797-f109-4678-9a43-5d6f707f3f29,2019-04-01T09:29:11.5070000Z,https://gegevensmagazijn.tweedekamer.nl/SyncFeed/2.0/Resources/ee1a3797-f109-4678-9a43-5d6f707f3f29,tweede_kamer_documents\ee1a3797-f109-4678-9a43-5d6f707f3f29_ee1a3797-f109-4678-9a43-5d6f707f3f29.bin
d8d4a650-2209-46ac-b42b-2705e5673c3f,d8d4a650-2209-46ac-b42b-2705e5673c3f,2019-04-01T09:29:24.1170000Z,https://gegevensmagazijn.tweedekamer.nl/SyncFeed/2.0/Resources/d8d4a650-2209-46ac-b42b-2705e5673c3f,tweede_kamer_documents\d8d4a650-2209-46ac-b42b-2705e5673c3f_d8d4a650-2209-46ac-b42b-2705e5673c3f.bin
df51b4f0-ed98-498a-ba84-3de272fac138,df51b4f0-ed98-498a-ba84-3de272fac138,2019-04-01T09:29:33.5700000Z,https://gegevensmagazijn.tweedekamer.nl/SyncFeed/2.0/Resources/df51b4f0-ed98-498a-ba84-3de272fac138,tweede_kamer_documents\df51b4f0-ed98-498a-ba84-3de272fac138_df51b4f0-ed98-498a-ba84-3de272fac138.bin
f67a6814-aad3-4da4-824e-ea3f2f8803bc,f67a6814-aad3-4da4-824e-ea3f2f8803bc,2019-04-01T09:29:43.0400000Z,https://gegevensmagazijn.tweedekamer.nl/SyncFeed/2.0/Resources/f67a6814-aad3-4da4-824e-ea3f2f8803bc,tweede_kamer_documents\f67a6814-aad3-4da4-824e-ea3f2f8803bc_f67a6814-aad3-4da4-824e-ea3f2f8803bc.bin
dbd952b3-95ff-4d39-9cfd-c64a307f21fc,dbd952b3-95ff-4d39-9cfd-c64a307f21fc,2019-04-01T09:29:52.4770000Z,https://gegevensmagazijn.tweedekamer.nl/SyncFeed/2.0/Resources/dbd952b3-95ff-4d39-9cfd-c64a307f21fc,tweede_kamer_documents\dbd952b3-95ff-4d39-9cfd-c64a307f21fc_dbd952b3-95ff-4d39-9cfd-c64a307f21fc.bin
b7197d3f-e9b0-4dc5-96bb-54f28ab31b81,b7197d3f-e9b0-4dc5-96bb-54f28ab31b81,2019-04-01T09:30:02.9930000Z,https://gegevensmagazijn.tweedekamer.nl/SyncFeed/2.0/Resources/b7197d3f-e9b0-4dc5-96bb-54f28ab31b81,tweede_kamer_documents\b7197d3f-e9b0-4dc5-96bb-54f28ab31b81_b7197d3f-e9b0-4dc5-96bb-54f28ab31b81.bin
b060d2d6-afc5-419e-9b68-095f914c92b0,b060d2d6-afc5-419e-9b68-095f914c92b0,2019-04-01T09:30:12.4300000Z,https://gegevensmagazijn.tweedekamer.nl/SyncFeed/2.0/Resources/b060d2d6-afc5-419e-9b68-095f914c92b0,tweede_kamer_documents\b060d2d6-afc5-419e-9b68-095f914c92b0_b060d2d6-afc5-419e-9b68-095f914c92b0.bin
b0b07468-9000-4719-befd-32c0de8c1c86,b0b07468-9000-4719-befd-32c0de8c1c86,2019-04-01T09:30:22.9130000Z,https://gegevensmagazijn.tweedekamer.nl/SyncFeed/2.0/Resources/b0b07468-9000-4719-befd-32c0de8c1c86,tweede_kamer_documents\b0b07468-9000-4719-befd-32c0de8c1c86_b0b07468-9000-4719-befd-32c0de8c1c86.bin
127b821f-62a5-423b-ac10-378d70490c4e,127b821f-62a5-423b-ac10-378d70490c4e,2019-04-01T09:30:32.3830000Z,https://gegevensmagazijn.tweedekamer.nl/SyncFeed/2.0/Resources/127b821f-62a5-423b-ac10-378d70490c4e,tweede_kamer_documents\127b821f-62a5-423b-ac10-378d70490c4e_127b821f-62a5-423b-ac10-378d70490c4e.bin
aa6275b7-6d1b-4ca4-a40a-c4ecd96388ba,aa6275b7-6d1b-4ca4-a40a-c4ecd96388ba,2019-04-01T09:30:42.8830000Z,https://gegevensmagazijn.tweedekamer.nl/SyncFeed/2.0/Resources/aa6275b7-6d1b-4ca4-a40a-c4ecd96388ba,tweede_kamer_documents\aa6275b7-6d1b-4ca4-a40a-c4ecd96388ba_aa6275b7-6d1b-4ca4-a40a-c4ecd96388ba.bin
fe35c8fc-e320-4976-93e2-7290de3cb3e4,fe35c8fc-e320-4976-93e2-7290de3cb3e4,2019-04-01T09:31:03.8830000Z,https://gegevensmagazijn.tweedekamer.nl/SyncFeed/2.0/Resources/fe35c8fc-e320-4976-93e2-7290de3cb3e4,tweede_kamer_documents\fe35c8fc-e320-4976-93e2-7290de3cb3e4_fe35c8fc-e320-4976-93e2-7290de3cb3e4.bin
1c116367-7571-48d8-ba12-cfdf6d551aa9,1c116367-7571-48d8-ba12-cfdf6d551aa9,2019-04-01T09:31:23.7900000Z,https://gegevensmagazijn.tweedekamer.nl/SyncFeed/2.0/Resources/1c116367-7571-48d8-ba12-cfdf6d551aa9,tweede_kamer_documents\1c116367-7571-48d8-ba12-cfdf6d551aa9_1c116367-7571-48d8-ba12-cfdf6d551aa9.bin
7a0bff62-80c6-4cf4-b5f2-a4928c0a82a4,7a0bff62-80c6-4cf4-b5f2-a4928c0a82a4,2019-04-01T09:31:32.1800000Z,https://gegevensmagazijn.tweedekamer.nl/SyncFeed/2.0/Resources/7a0bff62-80c6-4cf4-b5f2-a4928c0a82a4,tweede_kamer_documents\7a0bff62-80c6-4cf4-b5f2-a4928c0a82a4_7a0bff62-80c6-4cf4-b5f2-a4928c0a82a4.bin
e69eed04-3170-46fa-8296-4887affadfea,e69eed04-3170-46fa-8296-4887affadfea,2019-04-01T09:31:42.7130000Z,https://gegevensmagazijn.tweedekamer.nl/SyncFeed/2.0/Resources/e69eed04-3170-46fa-8296-4887affadfea,tweede_kamer_documents\e69eed04-3170-46fa-8296-4887affadfea_e69eed04-3170-46fa-8296-4887affadfea.bin
e26f3aa6-d955-4f24-b082-3ea8981354f7,e26f3aa6-d955-4f24-b082-3ea8981354f7,2019-04-01T09:31:53.1970000Z,https://gegevensmagazijn.tweedekamer.nl/SyncFeed/2.0/Resources/e26f3aa6-d955-4f24-b082-3ea8981354f7,tweede_kamer_documents\e26f3aa6-d955-4f24-b082-3ea8981354f7_e26f3aa6-d955-4f24-b082-3ea8981354f7.bin
1a06acdf-22be-45cf-928b-536f3dc3ddb3,1a06acdf-22be-45cf-928b-536f3dc3ddb3,2019-04-01T09:32:03.6970000Z,https://gegevensmagazijn.tweedekamer.nl/SyncFeed/2.0/Resources/1a06acdf-22be-45cf-928b-536f3dc3ddb3,tweede_kamer_documents\1a06acdf-22be-45cf-928b-536f3dc3ddb3_1a06acdf-22be-45cf-928b-536f3dc3ddb3.bin
ea783ab7-3f51-4194-9645-2270671efd68,ea783ab7-3f51-4194-9645-2270671efd68,2019-04-01T09:32:14.2130000Z,https://gegevensmagazijn.tweedekamer.nl/SyncFeed/2.0/Resources/ea783ab7-3f51-4194-9645-2270671efd68,tweede_kamer_documents\ea783ab7-3f51-4194-9645-2270671efd68_ea783ab7-3f51-4194-9645-2270671efd68.bin
7052bc81-de05-4111-b138-821ebacd112c,7052bc81-de05-4111-b138-821ebacd112c,2019-04-01T09:32:22.5870000Z,https://gegevensmagazijn.tweedekamer.nl/SyncFeed/2.0/Resources/7052bc81-de05-4111-b138-821ebacd112c,tweede_kamer_documents\7052bc81-de05-4111-b138-821ebacd112c_7052bc81-de05-4111-b138-821ebacd112c.bin
51074ba9-7965-4395-93a6-fbc19bc85d3c,51074ba9-7965-4395-93a6-fbc19bc85d3c,2019-04-01T09:32:34.1500000Z,https://gegevensmagazijn.tweedekamer.nl/SyncFeed/2.0/Resources/51074ba9-7965-4395-93a6-fbc19bc85d3c,tweede_kamer_documents\51074ba9-7965-4395-93a6-fbc19bc85d3c_51074ba9-7965-4395-93a6-fbc19bc85d3c.bin
7e1e016f-cf73-4d7d-900b-b7f4771c55da,7e1e016f-cf73-4d7d-900b-b7f4771c55da,2019-04-01T09:32:43.7130000Z,https://gegevensmagazijn.tweedekamer.nl/SyncFeed/2.0/Resources/7e1e016f-cf73-4d7d-900b-b7f4771c55da,tweede_kamer_documents\7e1e016f-cf73-4d7d-900b-b7f4771c55da_7e1e016f-cf73-4d7d-900b-b7f4771c55da.bin
0e9d6ee8-74d5-4768-9112-7f55bc9d484b,0e9d6ee8-74d5-4768-9112-7f55bc9d484b,2019-04-01T09:32:53.2130000Z,https://gegevensmagazijn.tweedekamer.nl/SyncFeed/2.0/Resources/0e9d6ee8-74d5-4768-9112-7f55bc9d484b,tweede_kamer_documents\0e9d6ee8-74d5-4768-9112-7f55bc9d484b_0e9d6ee8-74d5-4768-9112-7f55bc9d484b.bin
451354fd-dfb0-4ffe-874c-cf626f91a6d0,451354fd-dfb0-4ffe-874c-cf626f91a6d0,2019-04-01T09:33:03.1200000Z,https://gegevensmagazijn.tweedekamer.nl/SyncFeed/2.0/Resources/451354fd-dfb0-4ffe-874c-cf626f91a6d0,tweede_kamer_documents\451354fd-dfb0-4ffe-874c-cf626f91a6d0_451354fd-dfb0-4ffe-874c-cf626f91a6d0.bin
3310f007-8b4b-4667-9d48-34d81b9f049b,3310f007-8b4b-4667-9d48-34d81b9f049b,2019-04-01T09:33:15.7600000Z,https://gegevensmagazijn.tweedekamer.nl/SyncFeed/2.0/Resources/3310f007-8b4b-4667-9d48-34d81b9f049b,tweede_kamer_documents\3310f007-8b4b-4667-9d48-34d81b9f049b_3310f007-8b4b-4667-9d48-34d81b9f049b.bin
9f76096c-656a-4baa-8473-92bca82d48b7,9f76096c-656a-4baa-8473-92bca82d48b7,2019-04-01T09:33:23.1830000Z,https://gegevensmagazijn.tweedekamer.nl/SyncFeed/2.0/Resources/9f76096c-656a-4baa-8473-92bca82d48b7,tweede_kamer_documents\9f76096c-656a-4baa-8473-92bca82d48b7_9f76096c-656a-4baa-8473-92bca82d48b7.bin
1c0504c4-7994-4f5c-91ae-270726fd327e,1c0504c4-7994-4f5c-91ae-270726fd327e,2019-04-01T09:33:33.1200000Z,https://gegevensmagazijn.tweedekamer.nl/SyncFeed/2.0/Resources/1c0504c4-7994-4f5c-91ae-270726fd327e,tweede_kamer_documents\1c0504c4-7994-4f5c-91ae-270726fd327e_1c0504c4-7994-4f5c-91ae-270726fd327e.bin
be129ac8-4728-4f0a-a709-967aea76efc2,be129ac8-4728-4f0a-a709-967aea76efc2,2019-04-01T09:33:44.9800000Z,https://gegevensmagazijn.tweedekamer.nl/SyncFeed/2.0/Resources/be129ac8-4728-4f0a-a709-967aea76efc2,tweede_kamer_documents\be129ac8-4728-4f0a-a709-967aea76efc2_be129ac8-4728-4f0a-a709-967aea76efc2.bin
6261c05e-e680-4c99-b421-0315751f970b,6261c05e-e680-4c99-b421-0315751f970b,2019-04-01T09:33:55.7170000Z,https://gegevensmagazijn.tweedekamer.nl/SyncFeed/2.0/Resources/6261c05e-e680-4c99-b421-0315751f970b,tweede_kamer_documents\6261c05e-e680-4c99-b421-0315751f970b_6261c05e-e680-4c99-b421-0315751f970b.bin
7c2e396b-d489-4352-a393-df47c4984c3d,7c2e396b-d489-4352-a393-df47c4984c3d,2019-04-01T09:34:03.1200000Z,https://gegevensmagazijn.tweedekamer.nl/SyncFeed/2.0/Resources/7c2e396b-d489-4352-a393-df47c4984c3d,tweede_kamer_documents\7c2e396b-d489-4352-a393-df47c4984c3d_7c2e396b-d489-4352-a393-df47c4984c3d.bin
292d9501-9c21-4bab-8277-858a4da37c8b,292d9501-9c21-4bab-8277-858a4da37c8b,2019-04-01T09:34:12.5900000Z,https://gegevensmagazijn.tweedekamer.nl/SyncFeed/2.0/Resources/292d9501-9c21-4bab-8277-858a4da37c8b,tweede_kamer_documents\292d9501-9c21-4bab-8277-858a4da37c8b_292d9501-9c21-4bab-8277-858a4da37c8b.bin
3044ac69-7eb1-48c4-b610-0e1d073a2fde,3044ac69-7eb1-48c4-b610-0e1d073a2fde,2019-04-01T09:34:23.0900000Z,https://gegevensmagazijn.tweedekamer.nl/SyncFeed/2.0/Resources/3044ac69-7eb1-48c4-b610-0e1d073a2fde,tweede_kamer_documents\3044ac69-7eb1-48c4-b610-0e1d073a2fde_3044ac69-7eb1-48c4-b610-0e1d073a2fde.bin
5087c763-23c6-4202-ae5e-0cd1584f4f22,5087c763-23c6-4202-ae5e-0cd1584f4f22,2019-04-01T09:34:32.5430000Z,https://gegevensmagazijn.tweedekamer.nl/SyncFeed/2.0/Resources/5087c763-23c6-4202-ae5e-0cd1584f4f22,tweede_kamer_documents\5087c763-23c6-4202-ae5e-0cd1584f4f22_5087c763-23c6-4202-ae5e-0cd1584f4f22.bin
64f83bd6-ba00-4b5d-8800-7db95539a2db,64f83bd6-ba00-4b5d-8800-7db95539a2db,2019-04-01T09:34:44.0900000Z,https://gegevensmagazijn.tweedekamer.nl/SyncFeed/2.0/Resources/64f83bd6-ba00-4b5d-8800-7db95539a2db,tweede_kamer_documents\64f83bd6-ba00-4b5d-8800-7db95539a2db_64f83bd6-ba00-4b5d-8800-7db95539a2db.bin
e592a522-4c2d-4474-84b4-37c2dfa89ab5,e592a522-4c2d-4474-84b4-37c2dfa89ab5,2019-04-01T09:34:52.4970000Z,https://gegevensmagazijn.tweedekamer.nl/SyncFeed/2.0/Resources/e592a522-4c2d-4474-84b4-37c2dfa89ab5,tweede_kamer_documents\e592a522-4c2d-4474-84b4-37c2dfa89ab5_e592a522-4c2d-4474-84b4-37c2dfa89ab5.bin
292af142-7465-41e5-9899-c088ac87acce,292af142-7465-41e5-9899-c088ac87acce,2019-04-01T09:35:04.0430000Z,https://gegevensmagazijn.tweedekamer.nl/SyncFeed/2.0/Resources/292af142-7465-41e5-9899-c088ac87acce,tweede_kamer_documents\292af142-7465-41e5-9899-c088ac87acce_292af142-7465-41e5-9899-c088ac87acce.bin
c0f4d7a6-732a-432c-b190-8d29338b6b65,c0f4d7a6-732a-432c-b190-8d29338b6b65,2019-04-01T09:35:14.5600000Z,https://gegevensmagazijn.tweedekamer.nl/SyncFeed/2.0/Resources/c0f4d7a6-732a-432c-b190-8d29338b6b65,tweede_kamer_documents\c0f4d7a6-732a-432c-b190-8d29338b6b65_c0f4d7a6-732a-432c-b190-8d29338b6b65.bin
5dffad55-aeda-4d12-bdd7-80a6bd3d7528,5dffad55-aeda-4d12-bdd7-80a6bd3d7528,2019-04-01T09:35:22.9500000Z,https://gegevensmagazijn.tweedekamer.nl/SyncFeed/2.0/Resources/5dffad55-aeda-4d12-bdd7-80a6bd3d7528,tweede_kamer_documents\5dffad55-aeda-4d12-bdd7-80a6bd3d7528_5dffad55-aeda-4d12-bdd7-80a6bd3d7528.bin
18b02118-2629-4f10-9e32-b28f68f267eb,18b02118-2629-4f10-9e32-b28f68f267eb,2019-04-01T09:35:34.5130000Z,https://gegevensmagazijn.tweedekamer.nl/SyncFeed/2.0/Resources/18b02118-2629-4f10-9e32-b28f68f267eb,tweede_kamer_documents\18b02118-2629-4f10-9e32-b28f68f267eb_18b02118-2629-4f10-9e32-b28f68f267eb.bin
c6f725a1-191f-43bc-9275-6fc4fef68a5b,c6f725a1-191f-43bc-9275-6fc4fef68a5b,2019-04-01T09:35:43.9670000Z,https://gegevensmagazijn.tweedekamer.nl/SyncFeed/2.0/Resources/c6f725a1-191f-43bc-9275-6fc4fef68a5b,tweede_kamer_documents\c6f725a1-191f-43bc-9275-6fc4fef68a5b_c6f725a1-191f-43bc-9275-6fc4fef68a5b.bin
40c3cf9f-7bf8-4182-ad77-e45c715f4566,40c3cf9f-7bf8-4182-ad77-e45c715f4566,2019-04-01T09:35:53.4500000Z,https://gegevensmagazijn.tweedekamer.nl/SyncFeed/2.0/Resources/40c3cf9f-7bf8-4182-ad77-e45c715f4566,tweede_kamer_documents\40c3cf9f-7bf8-4182-ad77-e45c715f4566_40c3cf9f-7bf8-4182-ad77-e45c715f4566.bin
b8163475-d05c-44ce-af23-26ce10a7e580,b8163475-d05c-44ce-af23-26ce10a7e580,2019-04-01T09:36:02.8870000Z,https://gegevensmagazijn.tweedekamer.nl/SyncFeed/2.0/Resources/b8163475-d05c-44ce-af23-26ce10a7e580,tweede_kamer_documents\b8163475-d05c-44ce-af23-26ce10a7e580_b8163475-d05c-44ce-af23-26ce10a7e580.bin
8016b005-8253-4be2-bc23-f408c3f0a4d6,8016b005-8253-4be2-bc23-f408c3f0a4d6,2019-04-01T09:36:12.3730000Z,https://gegevensmagazijn.tweedekamer.nl/SyncFeed/2.0/Resources/8016b005-8253-4be2-bc23-f408c3f0a4d6,tweede_kamer_documents\8016b005-8253-4be2-bc23-f408c3f0a4d6_8016b005-8253-4be2-bc23-f408c3f0a4d6.bin
850d595c-5c77-439e-9dbb-23800aad4386,850d595c-5c77-439e-9dbb-23800aad4386,2019-04-01T09:36:22.8430000Z,https://gegevensmagazijn.tweedekamer.nl/SyncFeed/2.0/Resources/850d595c-5c77-439e-9dbb-23800aad4386,tweede_kamer_documents\850d595c-5c77-439e-9dbb-23800aad4386_850d595c-5c77-439e-9dbb-23800aad4386.bin
64e8f96a-4575-4873-9364-f1dfffdacbdd,64e8f96a-4575-4873-9364-f1dfffdacbdd,2019-04-01T09:36:44.8730000Z,https://gegevensmagazijn.tweedekamer.nl/SyncFeed/2.0/Resources/64e8f96a-4575-4873-9364-f1dfffdacbdd,tweede_kamer_documents\64e8f96a-4575-4873-9364-f1dfffdacbdd_64e8f96a-4575-4873-9364-f1dfffdacbdd.bin
eb1fc274-0661-41ec-9fb7-fb5c8095e828,eb1fc274-0661-41ec-9fb7-fb5c8095e828,2019-04-01T09:36:54.3100000Z,https://gegevensmagazijn.tweedekamer.nl/SyncFeed/2.0/Resources/eb1fc274-0661-41ec-9fb7-fb5c8095e828,tweede_kamer_documents\eb1fc274-0661-41ec-9fb7-fb5c8095e828_eb1fc274-0661-41ec-9fb7-fb5c8095e828.bin
70691a95-e3af-4442-bd9b-12505c7f719e,70691a95-e3af-4442-bd9b-12505c7f719e,2019-04-01T09:37:02.7170000Z,https://gegevensmagazijn.tweedekamer.nl/SyncFeed/2.0/Resources/70691a95-e3af-4442-bd9b-12505c7f719e,tweede_kamer_documents\70691a95-e3af-4442-bd9b-12505c7f719e_70691a95-e3af-4442-bd9b-12505c7f719e.bin
e42eebcc-4af8-46d7-b825-6c2d83948aa9,e42eebcc-4af8-46d7-b825-6c2d83948aa9,2019-04-01T09:37:12.1570000Z,https://gegevensmagazijn.tweedekamer.nl/SyncFeed/2.0/Resources/e42eebcc-4af8-46d7-b825-6c2d83948aa9,tweede_kamer_documents\e42eebcc-4af8-46d7-b825-6c2d83948aa9_e42eebcc-4af8-46d7-b825-6c2d83948aa9.bin
8f20c697-1a0d-401c-9e9c-176ca6b73574,8f20c697-1a0d-401c-9e9c-176ca6b73574,2019-04-01T09:37:22.6570000Z,https://gegevensmagazijn.tweedekamer.nl/SyncFeed/2.0/Resources/8f20c697-1a0d-401c-9e9c-176ca6b73574,tweede_kamer_documents\8f20c697-1a0d-401c-9e9c-176ca6b73574_8f20c697-1a0d-401c-9e9c-176ca6b73574.bin
d834b33d-4cc2-46d1-a25c-b4e117be4416,d834b33d-4cc2-46d1-a25c-b4e117be4416,2019-04-01T09:37:33.1700000Z,https://gegevensmagazijn.tweedekamer.nl/SyncFeed/2.0/Resources/d834b33d-4cc2-46d1-a25c-b4e117be4416,tweede_kamer_documents\d834b33d-4cc2-46d1-a25c-b4e117be4416_d834b33d-4cc2-46d1-a25c-b4e117be4416.bin
527f0c53-e426-4188-9c61-ecd39c87fd87,527f0c53-e426-4188-9c61-ecd39c87fd87,2019-04-01T09:37:53.0930000Z,https://gegevensmagazijn.tweedekamer.nl/SyncFeed/2.0/Resources/527f0c53-e426-4188-9c61-ecd39c87fd87,tweede_kamer_documents\527f0c53-e426-4188-9c61-ecd39c87fd87_527f0c53-e426-4188-9c61-ecd39c87fd87.bin
40a84836-a923-4ad8-81ff-6a1a96377889,40a84836-a923-4ad8-81ff-6a1a96377889,2019-04-01T09:38:03.6230000Z,https://gegevensmagazijn.tweedekamer.nl/SyncFeed/2.0/Resources/40a84836-a923-4ad8-81ff-6a1a96377889,tweede_kamer_documents\40a84836-a923-4ad8-81ff-6a1a96377889_40a84836-a923-4ad8-81ff-6a1a96377889.bin
c5df465f-4d97-4e13-b813-33c77b3438c0,c5df465f-4d97-4e13-b813-33c77b3438c0,2019-04-01T09:38:15.1570000Z,https://gegevensmagazijn.tweedekamer.nl/SyncFeed/2.0/Resources/c5df465f-4d97-4e13-b813-33c77b3438c0,tweede_kamer_documents\c5df465f-4d97-4e13-b813-33c77b3438c0_c5df465f-4d97-4e13-b813-33c77b3438c0.bin
00c906cc-3042-4313-9d2a-21acf7bd9402,00c906cc-3042-4313-9d2a-21acf7bd9402,2019-04-01T09:38:22.5000000Z,https://gegevensmagazijn.tweedekamer.nl/SyncFeed/2.0/Resources/00c906cc-3042-4313-9d2a-21acf7bd9402,tweede_kamer_documents\00c906cc-3042-4313-9d2a-21acf7bd9402_00c906cc-3042-4313-9d2a-21acf7bd9402.bin
9e2455ac-0ed3-4436-b2e7-df868fd0412e,9e2455ac-0ed3-4436-b2e7-df868fd0412e,2019-04-01T09:38:35.1270000Z,https://gegevensmagazijn.tweedekamer.nl/SyncFeed/2.0/Resources/9e2455ac-0ed3-4436-b2e7-df868fd0412e,tweede_kamer_documents\9e2455ac-0ed3-4436-b2e7-df868fd0412e_9e2455ac-0ed3-4436-b2e7-df868fd0412e.bin
0a646d10-a6d7-445f-bdc7-5f3d369231ab,0a646d10-a6d7-445f-bdc7-5f3d369231ab,2019-04-01T09:38:44.5930000Z,https://gegevensmagazijn.tweedekamer.nl/SyncFeed/2.0/Resources/0a646d10-a6d7-445f-bdc7-5f3d369231ab,tweede_kamer_documents\0a646d10-a6d7-445f-bdc7-5f3d369231ab_0a646d10-a6d7-445f-bdc7-5f3d369231ab.bin
9e8af6c3-23ba-48bc-90bd-5561748c4068,9e8af6c3-23ba-48bc-90bd-5561748c4068,2019-04-01T09:38:54.0770000Z,https://gegevensmagazijn.tweedekamer.nl/SyncFeed/2.0/Resources/9e8af6c3-23ba-48bc-90bd-5561748c4068,tweede_kamer_documents\9e8af6c3-23ba-48bc-90bd-5561748c4068_9e8af6c3-23ba-48bc-90bd-5561748c4068.bin
5a288215-c3dc-4b95-9c0e-e2cbd7af6f7c,5a288215-c3dc-4b95-9c0e-e2cbd7af6f7c,2019-04-01T09:39:04.5630000Z,https://gegevensmagazijn.tweedekamer.nl/SyncFeed/2.0/Resources/5a288215-c3dc-4b95-9c0e-e2cbd7af6f7c,tweede_kamer_documents\5a288215-c3dc-4b95-9c0e-e2cbd7af6f7c_5a288215-c3dc-4b95-9c0e-e2cbd7af6f7c.bin
056028fe-a092-4865-9570-5eb845ff6a91,056028fe-a092-4865-9570-5eb845ff6a91,2019-04-01T09:39:23.6400000Z,https://gegevensmagazijn.tweedekamer.nl/SyncFeed/2.0/Resources/056028fe-a092-4865-9570-5eb845ff6a91,tweede_kamer_documents\056028fe-a092-4865-9570-5eb845ff6a91_056028fe-a092-4865-9570-5eb845ff6a91.bin
abb3d717-e014-415a-9f34-dfdf06a34d27,abb3d717-e014-415a-9f34-dfdf06a34d27,2019-04-01T09:39:35.1570000Z,https://gegevensmagazijn.tweedekamer.nl/SyncFeed/2.0/Resources/abb3d717-e014-415a-9f34-dfdf06a34d27,tweede_kamer_documents\abb3d717-e014-415a-9f34-dfdf06a34d27_abb3d717-e014-415a-9f34-dfdf06a34d27.bin
6f398190-2557-4013-beee-5bfc6e6a9806,6f398190-2557-4013-beee-5bfc6e6a9806,2019-04-01T09:39:44.6270000Z,https://gegevensmagazijn.tweedekamer.nl/SyncFeed/2.0/Resources/6f398190-2557-4013-beee-5bfc6e6a9806,tweede_kamer_documents\6f398190-2557-4013-beee-5bfc6e6a9806_6f398190-2557-4013-beee-5bfc6e6a9806.bin
ab5872c8-5a9a-4791-bbf5-68beb9d1bd24,ab5872c8-5a9a-4791-bbf5-68beb9d1bd24,2019-04-01T09:40:03.4870000Z,https://gegevensmagazijn.tweedekamer.nl/SyncFeed/2.0/Resources/ab5872c8-5a9a-4791-bbf5-68beb9d1bd24,tweede_kamer_documents\ab5872c8-5a9a-4791-bbf5-68beb9d1bd24_ab5872c8-5a9a-4791-bbf5-68beb9d1bd24.bin
728fe35e-c0a7-4b7f-8eb3-47ecfdf32c69,728fe35e-c0a7-4b7f-8eb3-47ecfdf32c69,2019-04-01T09:40:14.0970000Z,https://gegevensmagazijn.tweedekamer.nl/SyncFeed/2.0/Resources/728fe35e-c0a7-4b7f-8eb3-47ecfdf32c69,tweede_kamer_documents\728fe35e-c0a7-4b7f-8eb3-47ecfdf32c69_728fe35e-c0a7-4b7f-8eb3-47ecfdf32c69.bin
7dd714d8-0167-43d7-ba4d-da3b9caeb681,7dd714d8-0167-43d7-ba4d-da3b9caeb681,2019-04-01T09:40:24.6270000Z,https://gegevensmagazijn.tweedekamer.nl/SyncFeed/2.0/Resources/7dd714d8-0167-43d7-ba4d-da3b9caeb681,tweede_kamer_documents\7dd714d8-0167-43d7-ba4d-da3b9caeb681_7dd714d8-0167-43d7-ba4d-da3b9caeb681.bin
ae2f2588-5755-4e23-984b-accd392bf52d,ae2f2588-5755-4e23-984b-accd392bf52d,2019-04-01T09:40:56.0800000Z,https://gegevensmagazijn.tweedekamer.nl/SyncFeed/2.0/Resources/ae2f2588-5755-4e23-984b-accd392bf52d,tweede_kamer_documents\ae2f2588-5755-4e23-984b-accd392bf52d_ae2f2588-5755-4e23-984b-accd392bf52d.bin
153615a1-5ceb-4e39-9aa3-d51f2543b7e2,153615a1-5ceb-4e39-9aa3-d51f2543b7e2,2019-04-01T09:41:05.5330000Z,https://gegevensmagazijn.tweedekamer.nl/SyncFeed/2.0/Resources/153615a1-5ceb-4e39-9aa3-d51f2543b7e2,tweede_kamer_documents\153615a1-5ceb-4e39-9aa3-d51f2543b7e2_153615a1-5ceb-4e39-9aa3-d51f2543b7e2.bin
643ef72f-2188-4b46-9df5-bf6f503e7e76,643ef72f-2188-4b46-9df5-bf6f503e7e76,2019-04-01T09:41:12.8930000Z,https://gegevensmagazijn.tweedekamer.nl/SyncFeed/2.0/Resources/643ef72f-2188-4b46-9df5-bf6f503e7e76,tweede_kamer_documents\643ef72f-2188-4b46-9df5-bf6f503e7e76_643ef72f-2188-4b46-9df5-bf6f503e7e76.bin
2d4e429c-cdb7-4233-b48f-fe6c74fe445b,2d4e429c-cdb7-4233-b48f-fe6c74fe445b,2019-04-01T09:41:24.4400000Z,https://gegevensmagazijn.tweedekamer.nl/SyncFeed/2.0/Resources/2d4e429c-cdb7-4233-b48f-fe6c74fe445b,tweede_kamer_documents\2d4e429c-cdb7-4233-b48f-fe6c74fe445b_2d4e429c-cdb7-4233-b48f-fe6c74fe445b.bin
85d196e2-8927-476f-8326-01d422812a78,85d196e2-8927-476f-8326-01d422812a78,2019-04-01T09:41:44.4270000Z,https://gegevensmagazijn.tweedekamer.nl/SyncFeed/2.0/Resources/85d196e2-8927-476f-8326-01d422812a78,tweede_kamer_documents\85d196e2-8927-476f-8326-01d422812a78_85d196e2-8927-476f-8326-01d422812a78.bin
e8490baa-0f47-4dd8-97d2-d6c404ba9658,e8490baa-0f47-4dd8-97d2-d6c404ba9658,2019-04-01T09:41:53.8930000Z,https://gegevensmagazijn.tweedekamer.nl/SyncFeed/2.0/Resources/e8490baa-0f47-4dd8-97d2-d6c404ba9658,tweede_kamer_documents\e8490baa-0f47-4dd8-97d2-d6c404ba9658_e8490baa-0f47-4dd8-97d2-d6c404ba9658.bin
3d53def3-ae33-4b07-8bb0-270bf7264751,3d53def3-ae33-4b07-8bb0-270bf7264751,2019-04-01T09:42:04.4270000Z,https://gegevensmagazijn.tweedekamer.nl/SyncFeed/2.0/Resources/3d53def3-ae33-4b07-8bb0-270bf7264751,tweede_kamer_documents\3d53def3-ae33-4b07-8bb0-270bf7264751_3d53def3-ae33-4b07-8bb0-270bf7264751.bin
9877f449-d2eb-4419-a57f-d4d59cb003ee,9877f449-d2eb-4419-a57f-d4d59cb003ee,2019-04-01T09:42:15.0670000Z,https://gegevensmagazijn.tweedekamer.nl/SyncFeed/2.0/Resources/9877f449-d2eb-4419-a57f-d4d59cb003ee,tweede_kamer_documents\9877f449-d2eb-4419-a57f-d4d59cb003ee_9877f449-d2eb-4419-a57f-d4d59cb003ee.bin
3d12dd47-d654-42f0-a943-8c3f63f89380,3d12dd47-d654-42f0-a943-8c3f63f89380,2019-04-01T09:42:23.6770000Z,https://gegevensmagazijn.tweedekamer.nl/SyncFeed/2.0/Resources/3d12dd47-d654-42f0-a943-8c3f63f89380,tweede_kamer_documents\3d12dd47-d654-42f0-a943-8c3f63f89380_3d12dd47-d654-42f0-a943-8c3f63f89380.bin
5c5e4001-035f-40aa-85c2-40b42b1b901e,5c5e4001-035f-40aa-85c2-40b42b1b901e,2019-04-01T09:42:34.6600000Z,https://gegevensmagazijn.tweedekamer.nl/SyncFeed/2.0/Resources/5c5e4001-035f-40aa-85c2-40b42b1b901e,tweede_kamer_documents\5c5e4001-035f-40aa-85c2-40b42b1b901e_5c5e4001-035f-40aa-85c2-40b42b1b901e.bin
6d036794-a21b-4663-8ca2-04f9db7d7615,6d036794-a21b-4663-8ca2-04f9db7d7615,2019-04-01T09:42:45.1900000Z,https://gegevensmagazijn.tweedekamer.nl/SyncFeed/2.0/Resources/6d036794-a21b-4663-8ca2-04f9db7d7615,tweede_kamer_documents\6d036794-a21b-4663-8ca2-04f9db7d7615_6d036794-a21b-4663-8ca2-04f9db7d7615.bin
932fb291-6747-4647-96a0-55b1e8abc89a,932fb291-6747-4647-96a0-55b1e8abc89a,2019-04-01T09:42:54.6430000Z,https://gegevensmagazijn.tweedekamer.nl/SyncFeed/2.0/Resources/932fb291-6747-4647-96a0-55b1e8abc89a,tweede_kamer_documents\932fb291-6747-4647-96a0-55b1e8abc89a_932fb291-6747-4647-96a0-55b1e8abc89a.bin
2ea8c313-6fb6-40ee-9801-b410a0fbbd93,2ea8c313-6fb6-40ee-9801-b410a0fbbd93,2019-04-01T09:43:05.5830000Z,https://gegevensmagazijn.tweedekamer.nl/SyncFeed/2.0/Resources/2ea8c313-6fb6-40ee-9801-b410a0fbbd93,tweede_kamer_documents\2ea8c313-6fb6-40ee-9801-b410a0fbbd93_2ea8c313-6fb6-40ee-9801-b410a0fbbd93.bin
1fea2877-0e0e-4c48-b2a9-179308507ed3,1fea2877-0e0e-4c48-b2a9-179308507ed3,2019-04-01T09:43:13.0030000Z,https://gegevensmagazijn.tweedekamer.nl/SyncFeed/2.0/Resources/1fea2877-0e0e-4c48-b2a9-179308507ed3,tweede_kamer_documents\1fea2877-0e0e-4c48-b2a9-179308507ed3_1fea2877-0e0e-4c48-b2a9-179308507ed3.bin
0698933c-6d0f-4703-b128-9f849d6f29a1,0698933c-6d0f-4703-b128-9f849d6f29a1,2019-04-01T09:43:25.5970000Z,https://gegevensmagazijn.tweedekamer.nl/SyncFeed/2.0/Resources/0698933c-6d0f-4703-b128-9f849d6f29a1,tweede_kamer_documents\0698933c-6d0f-4703-b128-9f849d6f29a1_0698933c-6d0f-4703-b128-9f849d6f29a1.bin
964aa8c0-7bfc-4457-8528-97f86660443b,964aa8c0-7bfc-4457-8528-97f86660443b,2019-04-01T09:43:35.0370000Z,https://gegevensmagazijn.tweedekamer.nl/SyncFeed/2.0/Resources/964aa8c0-7bfc-4457-8528-97f86660443b,tweede_kamer_documents\964aa8c0-7bfc-4457-8528-97f86660443b_964aa8c0-7bfc-4457-8528-97f86660443b.bin
00828a01-2da0-4c17-83a6-7b6a6c212f0d,00828a01-2da0-4c17-83a6-7b6a6c212f0d,2019-04-01T09:43:44.4730000Z,https://gegevensmagazijn.tweedekamer.nl/SyncFeed/2.0/Resources/00828a01-2da0-4c17-83a6-7b6a6c212f0d,tweede_kamer_documents\00828a01-2da0-4c17-83a6-7b6a6c212f0d_00828a01-2da0-4c17-83a6-7b6a6c212f0d.bin
34f6b0e0-f790-42b8-a0b7-5fdd81223fd3,34f6b0e0-f790-42b8-a0b7-5fdd81223fd3,2019-04-01T09:43:54.9570000Z,https://gegevensmagazijn.tweedekamer.nl/SyncFeed/2.0/Resources/34f6b0e0-f790-42b8-a0b7-5fdd81223fd3,tweede_kamer_documents\34f6b0e0-f790-42b8-a0b7-5fdd81223fd3_34f6b0e0-f790-42b8-a0b7-5fdd81223fd3.bin
efba36e8-1ab5-4597-9fc9-6db71bb9756b,efba36e8-1ab5-4597-9fc9-6db71bb9756b,2019-04-01T09:44:05.4730000Z,https://gegevensmagazijn.tweedekamer.nl/SyncFeed/2.0/Resources/efba36e8-1ab5-4597-9fc9-6db71bb9756b,tweede_kamer_documents\efba36e8-1ab5-4597-9fc9-6db71bb9756b_efba36e8-1ab5-4597-9fc9-6db71bb9756b.bin
e1421e86-9495-451c-b282-e97f8895b81b,e1421e86-9495-451c-b282-e97f8895b81b,2019-04-01T09:44:14.8970000Z,https://gegevensmagazijn.tweedekamer.nl/SyncFeed/2.0/Resources/e1421e86-9495-451c-b282-e97f8895b81b,tweede_kamer_documents\e1421e86-9495-451c-b282-e97f8895b81b_e1421e86-9495-451c-b282-e97f8895b81b.bin
56c2d9c1-82f0-4631-866a-2dc9aaf45458,56c2d9c1-82f0-4631-866a-2dc9aaf45458,2019-04-01T09:44:25.4100000Z,https://gegevensmagazijn.tweedekamer.nl/SyncFeed/2.0/Resources/56c2d9c1-82f0-4631-866a-2dc9aaf45458,tweede_kamer_documents\56c2d9c1-82f0-4631-866a-2dc9aaf45458_56c2d9c1-82f0-4631-866a-2dc9aaf45458.bin
04b557c0-99cd-4e17-b1c1-7f65526761e2,04b557c0-99cd-4e17-b1c1-7f65526761e2,2019-04-01T09:44:47.4730000Z,https://gegevensmagazijn.tweedekamer.nl/SyncFeed/2.0/Resources/04b557c0-99cd-4e17-b1c1-7f65526761e2,tweede_kamer_documents\04b557c0-99cd-4e17-b1c1-7f65526761e2_04b557c0-99cd-4e17-b1c1-7f65526761e2.bin
47a92854-2401-41d0-b909-539d848fc929,47a92854-2401-41d0-b909-539d848fc929,2019-04-01T09:44:54.8170000Z,https://gegevensmagazijn.tweedekamer.nl/SyncFeed/2.0/Resources/47a92854-2401-41d0-b909-539d848fc929,tweede_kamer_documents\47a92854-2401-41d0-b909-539d848fc929_47a92854-2401-41d0-b909-539d848fc929.bin
00f45c48-7213-4ca8-b799-c2a30b5e0ba3,00f45c48-7213-4ca8-b799-c2a30b5e0ba3,2019-04-01T09:45:14.7870000Z,https://gegevensmagazijn.tweedekamer.nl/SyncFeed/2.0/Resources/00f45c48-7213-4ca8-b799-c2a30b5e0ba3,tweede_kamer_documents\00f45c48-7213-4ca8-b799-c2a30b5e0ba3_00f45c48-7213-4ca8-b799-c2a30b5e0ba3.bin
923f4de9-2116-4e88-a465-be94025a6bf5,923f4de9-2116-4e88-a465-be94025a6bf5,2019-04-01T09:45:26.3500000Z,https://gegevensmagazijn.tweedekamer.nl/SyncFeed/2.0/Resources/923f4de9-2116-4e88-a465-be94025a6bf5,tweede_kamer_documents\923f4de9-2116-4e88-a465-be94025a6bf5_923f4de9-2116-4e88-a465-be94025a6bf5.bin
23c75725-1036-4973-af8d-b297b89c9214,23c75725-1036-4973-af8d-b297b89c9214,2019-04-01T09:45:33.6930000Z,https://gegevensmagazijn.tweedekamer.nl/SyncFeed/2.0/Resources/23c75725-1036-4973-af8d-b297b89c9214,tweede_kamer_documents\23c75725-1036-4973-af8d-b297b89c9214_23c75725-1036-4973-af8d-b297b89c9214.bin
76021cd1-140e-4568-8390-e5583ed25f8d,76021cd1-140e-4568-8390-e5583ed25f8d,2019-04-01T09:45:44.2100000Z,https://gegevensmagazijn.tweedekamer.nl/SyncFeed/2.0/Resources/76021cd1-140e-4568-8390-e5583ed25f8d,tweede_kamer_documents\76021cd1-140e-4568-8390-e5583ed25f8d_76021cd1-140e-4568-8390-e5583ed25f8d.bin
070735bf-7e55-42d8-b535-0331d05c0c89,070735bf-7e55-42d8-b535-0331d05c0c89,2019-04-01T09:45:54.6930000Z,https://gegevensmagazijn.tweedekamer.nl/SyncFeed/2.0/Resources/070735bf-7e55-42d8-b535-0331d05c0c89,tweede_kamer_documents\070735bf-7e55-42d8-b535-0331d05c0c89_070735bf-7e55-42d8-b535-0331d05c0c89.bin
3354b886-7252-418a-b635-61098a6ea73a,3354b886-7252-418a-b635-61098a6ea73a,2019-04-01T09:46:03.0870000Z,https://gegevensmagazijn.tweedekamer.nl/SyncFeed/2.0/Resources/3354b886-7252-418a-b635-61098a6ea73a,tweede_kamer_documents\3354b886-7252-418a-b635-61098a6ea73a_3354b886-7252-418a-b635-61098a6ea73a.bin
324c92b7-9a51-4a9c-9dc6-fb640e7d20b1,324c92b7-9a51-4a9c-9dc6-fb640e7d20b1,2019-04-01T09:46:15.7730000Z,https://gegevensmagazijn.tweedekamer.nl/SyncFeed/2.0/Resources/324c92b7-9a51-4a9c-9dc6-fb640e7d20b1,tweede_kamer_documents\324c92b7-9a51-4a9c-9dc6-fb640e7d20b1_324c92b7-9a51-4a9c-9dc6-fb640e7d20b1.bin
5503cf7f-9c11-46cb-b6c0-1d2185620993,5503cf7f-9c11-46cb-b6c0-1d2185620993,2019-04-01T09:46:25.3370000Z,https://gegevensmagazijn.tweedekamer.nl/SyncFeed/2.0/Resources/5503cf7f-9c11-46cb-b6c0-1d2185620993,tweede_kamer_documents\5503cf7f-9c11-46cb-b6c0-1d2185620993_5503cf7f-9c11-46cb-b6c0-1d2185620993.bin
97ee317c-0bd0-4852-8886-eeca51633529,97ee317c-0bd0-4852-8886-eeca51633529,2019-04-01T09:46:35.8370000Z,https://gegevensmagazijn.tweedekamer.nl/SyncFeed/2.0/Resources/97ee317c-0bd0-4852-8886-eeca51633529,tweede_kamer_documents\97ee317c-0bd0-4852-8886-eeca51633529_97ee317c-0bd0-4852-8886-eeca51633529.bin
73c3f928-7900-498b-9965-e0c7f6e5e6a2,73c3f928-7900-498b-9965-e0c7f6e5e6a2,2019-04-01T09:46:46.3200000Z,https://gegevensmagazijn.tweedekamer.nl/SyncFeed/2.0/Resources/73c3f928-7900-498b-9965-e0c7f6e5e6a2,tweede_kamer_documents\73c3f928-7900-498b-9965-e0c7f6e5e6a2_73c3f928-7900-498b-9965-e0c7f6e5e6a2.bin
720991d8-21b2-4c0e-b2e0-0674d42513d5,720991d8-21b2-4c0e-b2e0-0674d42513d5,2019-04-01T09:46:55.7900000Z,https://gegevensmagazijn.tweedekamer.nl/SyncFeed/2.0/Resources/720991d8-21b2-4c0e-b2e0-0674d42513d5,tweede_kamer_documents\720991d8-21b2-4c0e-b2e0-0674d42513d5_720991d8-21b2-4c0e-b2e0-0674d42513d5.bin
4e4c0d4f-8e65-46fe-b2bd-4de0fe27825b,4e4c0d4f-8e65-46fe-b2bd-4de0fe27825b,2019-04-01T09:47:06.2730000Z,https://gegevensmagazijn.tweedekamer.nl/SyncFeed/2.0/Resources/4e4c0d4f-8e65-46fe-b2bd-4de0fe27825b,tweede_kamer_documents\4e4c0d4f-8e65-46fe-b2bd-4de0fe27825b_4e4c0d4f-8e65-46fe-b2bd-4de0fe27825b.bin
cbc00638-bedf-4d96-8f3b-b0ae84fd97b9,cbc00638-bedf-4d96-8f3b-b0ae84fd97b9,2019-04-01T09:47:16.9130000Z,https://gegevensmagazijn.tweedekamer.nl/SyncFeed/2.0/Resources/cbc00638-bedf-4d96-8f3b-b0ae84fd97b9,tweede_kamer_documents\cbc00638-bedf-4d96-8f3b-b0ae84fd97b9_cbc00638-bedf-4d96-8f3b-b0ae84fd97b9.bin
371a22ef-15e5-40fc-b38a-4def0fb317ae,371a22ef-15e5-40fc-b38a-4def0fb317ae,2019-04-01T09:47:36.4130000Z,https://gegevensmagazijn.tweedekamer.nl/SyncFeed/2.0/Resources/371a22ef-15e5-40fc-b38a-4def0fb317ae,tweede_kamer_documents\371a22ef-15e5-40fc-b38a-4def0fb317ae_371a22ef-15e5-40fc-b38a-4def0fb317ae.bin
58c3196e-8719-439a-a682-188ab005639d,58c3196e-8719-439a-a682-188ab005639d,2019-04-01T09:47:44.8200000Z,https://gegevensmagazijn.tweedekamer.nl/SyncFeed/2.0/Resources/58c3196e-8719-439a-a682-188ab005639d,tweede_kamer_documents\58c3196e-8719-439a-a682-188ab005639d_58c3196e-8719-439a-a682-188ab005639d.bin
ca585cf1-559d-45c2-9612-fbb08ac7b195,ca585cf1-559d-45c2-9612-fbb08ac7b195,2019-04-01T09:47:55.3070000Z,https://gegevensmagazijn.tweedekamer.nl/SyncFeed/2.0/Resources/ca585cf1-559d-45c2-9612-fbb08ac7b195,tweede_kamer_documents\ca585cf1-559d-45c2-9612-fbb08ac7b195_ca585cf1-559d-45c2-9612-fbb08ac7b195.bin
601ca3f7-7b7f-4b6c-94be-eb5d10908256,601ca3f7-7b7f-4b6c-94be-eb5d10908256,2019-04-01T09:48:04.7570000Z,https://gegevensmagazijn.tweedekamer.nl/SyncFeed/2.0/Resources/601ca3f7-7b7f-4b6c-94be-eb5d10908256,tweede_kamer_documents\601ca3f7-7b7f-4b6c-94be-eb5d10908256_601ca3f7-7b7f-4b6c-94be-eb5d10908256.bin
24d15dae-f540-4439-8ecf-37e59b0e523a,24d15dae-f540-4439-8ecf-37e59b0e523a,2019-04-01T09:48:16.3370000Z,https://gegevensmagazijn.tweedekamer.nl/SyncFeed/2.0/Resources/24d15dae-f540-4439-8ecf-37e59b0e523a,tweede_kamer_documents\24d15dae-f540-4439-8ecf-37e59b0e523a_24d15dae-f540-4439-8ecf-37e59b0e523a.bin
a55518bb-af69-4798-be31-ae1ed8d75a34,a55518bb-af69-4798-be31-ae1ed8d75a34,2019-04-01T09:48:25.8070000Z,https://gegevensmagazijn.tweedekamer.nl/SyncFeed/2.0/Resources/a55518bb-af69-4798-be31-ae1ed8d75a34,tweede_kamer_documents\a55518bb-af69-4798-be31-ae1ed8d75a34_a55518bb-af69-4798-be31-ae1ed8d75a34.bin
76652a45-4bf0-46a2-93b6-836ae31f707b,76652a45-4bf0-46a2-93b6-836ae31f707b,2019-04-01T09:48:35.2600000Z,https://gegevensmagazijn.tweedekamer.nl/SyncFeed/2.0/Resources/76652a45-4bf0-46a2-93b6-836ae31f707b,tweede_kamer_documents\76652a45-4bf0-46a2-93b6-836ae31f707b_76652a45-4bf0-46a2-93b6-836ae31f707b.bin
f02868e1-4325-4110-a1d5-3b1ce3dee7cd,f02868e1-4325-4110-a1d5-3b1ce3dee7cd,2019-04-01T09:48:54.1500000Z,https://gegevensmagazijn.tweedekamer.nl/SyncFeed/2.0/Resources/f02868e1-4325-4110-a1d5-3b1ce3dee7cd,tweede_kamer_documents\f02868e1-4325-4110-a1d5-3b1ce3dee7cd_f02868e1-4325-4110-a1d5-3b1ce3dee7cd.bin
681863da-f763-4d3c-bf08-bb8171cc6738,681863da-f763-4d3c-bf08-bb8171cc6738,2019-04-01T09:49:06.7270000Z,https://gegevensmagazijn.tweedekamer.nl/SyncFeed/2.0/Resources/681863da-f763-4d3c-bf08-bb8171cc6738,tweede_kamer_documents\681863da-f763-4d3c-bf08-bb8171cc6738_681863da-f763-4d3c-bf08-bb8171cc6738.bin
28e9c40a-e330-4d65-b847-82570d7ab7b5,28e9c40a-e330-4d65-b847-82570d7ab7b5,2019-04-01T09:49:16.1970000Z,https://gegevensmagazijn.tweedekamer.nl/SyncFeed/2.0/Resources/28e9c40a-e330-4d65-b847-82570d7ab7b5,tweede_kamer_documents\28e9c40a-e330-4d65-b847-82570d7ab7b5_28e9c40a-e330-4d65-b847-82570d7ab7b5.bin
e835acfe-d988-40cc-9c53-612acb06afdc,e835acfe-d988-40cc-9c53-612acb06afdc,2019-04-01T09:49:26.6800000Z,https://gegevensmagazijn.tweedekamer.nl/SyncFeed/2.0/Resources/e835acfe-d988-40cc-9c53-612acb06afdc,tweede_kamer_documents\e835acfe-d988-40cc-9c53-612acb06afdc_e835acfe-d988-40cc-9c53-612acb06afdc.bin
4bfbb54b-5d2d-4bb1-875f-f4239067e161,4bfbb54b-5d2d-4bb1-875f-f4239067e161,2019-04-01T09:49:36.1200000Z,https://gegevensmagazijn.tweedekamer.nl/SyncFeed/2.0/Resources/4bfbb54b-5d2d-4bb1-875f-f4239067e161,tweede_kamer_documents\4bfbb54b-5d2d-4bb1-875f-f4239067e161_4bfbb54b-5d2d-4bb1-875f-f4239067e161.bin
38278fe2-de27-42cc-8eea-69e55b707f47,38278fe2-de27-42cc-8eea-69e55b707f47,2019-04-01T09:49:44.5400000Z,https://gegevensmagazijn.tweedekamer.nl/SyncFeed/2.0/Resources/38278fe2-de27-42cc-8eea-69e55b707f47,tweede_kamer_documents\38278fe2-de27-42cc-8eea-69e55b707f47_38278fe2-de27-42cc-8eea-69e55b707f47.bin
16abae03-c397-404d-b79d-ed88ce480587,16abae03-c397-404d-b79d-ed88ce480587,2019-04-01T09:49:57.0270000Z,https://gegevensmagazijn.tweedekamer.nl/SyncFeed/2.0/Resources/16abae03-c397-404d-b79d-ed88ce480587,tweede_kamer_documents\16abae03-c397-404d-b79d-ed88ce480587_16abae03-c397-404d-b79d-ed88ce480587.bin
c8f5b405-ae2b-4520-a374-48f04bb3cfae,c8f5b405-ae2b-4520-a374-48f04bb3cfae,2019-04-01T09:50:05.3230000Z,https://gegevensmagazijn.tweedekamer.nl/SyncFeed/2.0/Resources/c8f5b405-ae2b-4520-a374-48f04bb3cfae,tweede_kamer_documents\c8f5b405-ae2b-4520-a374-48f04bb3cfae_c8f5b405-ae2b-4520-a374-48f04bb3cfae.bin
9c3ff155-72d8-4575-9986-db49179d4baa,9c3ff155-72d8-4575-9986-db49179d4baa,2019-04-01T09:50:16.7130000Z,https://gegevensmagazijn.tweedekamer.nl/SyncFeed/2.0/Resources/9c3ff155-72d8-4575-9986-db49179d4baa,tweede_kamer_documents\9c3ff155-72d8-4575-9986-db49179d4baa_9c3ff155-72d8-4575-9986-db49179d4baa.bin
0d77d91d-0272-4a13-a2db-3bc687df7e48,0d77d91d-0272-4a13-a2db-3bc687df7e48,2019-04-01T09:50:24.9970000Z,https://gegevensmagazijn.tweedekamer.nl/SyncFeed/2.0/Resources/0d77d91d-0272-4a13-a2db-3bc687df7e48,tweede_kamer_documents\0d77d91d-0272-4a13-a2db-3bc687df7e48_0d77d91d-0272-4a13-a2db-3bc687df7e48.bin
9d791266-504e-488f-856f-b15d0c193851,9d791266-504e-488f-856f-b15d0c193851,2019-04-01T09:50:37.4000000Z,https://gegevensmagazijn.tweedekamer.nl/SyncFeed/2.0/Resources/9d791266-504e-488f-856f-b15d0c193851,tweede_kamer_documents\9d791266-504e-488f-856f-b15d0c193851_9d791266-504e-488f-856f-b15d0c193851.bin
8bb28bd6-5462-4e73-9b4e-587514dd3990,8bb28bd6-5462-4e73-9b4e-587514dd3990,2019-04-01T09:50:46.7600000Z,https://gegevensmagazijn.tweedekamer.nl/SyncFeed/2.0/Resources/8bb28bd6-5462-4e73-9b4e-587514dd3990,tweede_kamer_documents\8bb28bd6-5462-4e73-9b4e-587514dd3990_8bb28bd6-5462-4e73-9b4e-587514dd3990.bin
2bf64b7a-ae9e-4292-8985-88b1e2c77b5e,2bf64b7a-ae9e-4292-8985-88b1e2c77b5e,2019-04-01T09:50:55.0730000Z,https://gegevensmagazijn.tweedekamer.nl/SyncFeed/2.0/Resources/2bf64b7a-ae9e-4292-8985-88b1e2c77b5e,tweede_kamer_documents\2bf64b7a-ae9e-4292-8985-88b1e2c77b5e_2bf64b7a-ae9e-4292-8985-88b1e2c77b5e.bin
3da81c47-3665-401a-9a51-f321e69e966c,3da81c47-3665-401a-9a51-f321e69e966c,2019-04-01T09:51:05.4330000Z,https://gegevensmagazijn.tweedekamer.nl/SyncFeed/2.0/Resources/3da81c47-3665-401a-9a51-f321e69e966c,tweede_kamer_documents\3da81c47-3665-401a-9a51-f321e69e966c_3da81c47-3665-401a-9a51-f321e69e966c.bin
d773fe0f-a8a8-45f5-98a9-1d9bf48f15f1,d773fe0f-a8a8-45f5-98a9-1d9bf48f15f1,2019-04-01T09:51:16.8400000Z,https://gegevensmagazijn.tweedekamer.nl/SyncFeed/2.0/Resources/d773fe0f-a8a8-45f5-98a9-1d9bf48f15f1,tweede_kamer_documents\d773fe0f-a8a8-45f5-98a9-1d9bf48f15f1_d773fe0f-a8a8-45f5-98a9-1d9bf48f15f1.bin
67fc1750-5f34-4f46-93eb-79af55605f00,67fc1750-5f34-4f46-93eb-79af55605f00,2019-04-01T09:51:25.1370000Z,https://gegevensmagazijn.tweedekamer.nl/SyncFeed/2.0/Resources/67fc1750-5f34-4f46-93eb-79af55605f00,tweede_kamer_documents\67fc1750-5f34-4f46-93eb-79af55605f00_67fc1750-5f34-4f46-93eb-79af55605f00.bin
ce06006e-78a5-4c89-b819-5c867410e117,ce06006e-78a5-4c89-b819-5c867410e117,2019-04-01T09:51:46.1070000Z,https://gegevensmagazijn.tweedekamer.nl/SyncFeed/2.0/Resources/ce06006e-78a5-4c89-b819-5c867410e117,tweede_kamer_documents\ce06006e-78a5-4c89-b819-5c867410e117_ce06006e-78a5-4c89-b819-5c867410e117.bin
089995d5-3d4a-4640-9320-c159ef63d80a,089995d5-3d4a-4640-9320-c159ef63d80a,2019-04-01T09:52:05.7170000Z,https://gegevensmagazijn.tweedekamer.nl/SyncFeed/2.0/Resources/089995d5-3d4a-4640-9320-c159ef63d80a,tweede_kamer_documents\089995d5-3d4a-4640-9320-c159ef63d80a_089995d5-3d4a-4640-9320-c159ef63d80a.bin
84703c11-2f90-4614-acb0-0d7062a2784f,84703c11-2f90-4614-acb0-0d7062a2784f,2019-04-01T09:52:15.3870000Z,https://gegevensmagazijn.tweedekamer.nl/SyncFeed/2.0/Resources/84703c11-2f90-4614-acb0-0d7062a2784f,tweede_kamer_documents\84703c11-2f90-4614-acb0-0d7062a2784f_84703c11-2f90-4614-acb0-0d7062a2784f.bin
5af29624-2a70-4cbc-ab5b-dee0465daaf6,5af29624-2a70-4cbc-ab5b-dee0465daaf6,2019-04-01T09:52:26.2770000Z,https://gegevensmagazijn.tweedekamer.nl/SyncFeed/2.0/Resources/5af29624-2a70-4cbc-ab5b-dee0465daaf6,tweede_kamer_documents\5af29624-2a70-4cbc-ab5b-dee0465daaf6_5af29624-2a70-4cbc-ab5b-dee0465daaf6.bin
c20da7d0-34aa-4435-8c1c-1b1cee9bfb86,c20da7d0-34aa-4435-8c1c-1b1cee9bfb86,2019-04-01T09:52:34.9030000Z,https://gegevensmagazijn.tweedekamer.nl/SyncFeed/2.0/Resources/c20da7d0-34aa-4435-8c1c-1b1cee9bfb86,tweede_kamer_documents\c20da7d0-34aa-4435-8c1c-1b1cee9bfb86_c20da7d0-34aa-4435-8c1c-1b1cee9bfb86.bin
50de254e-92ba-4197-b59e-154f37327e94,50de254e-92ba-4197-b59e-154f37327e94,2019-04-01T09:52:46.5770000Z,https://gegevensmagazijn.tweedekamer.nl/SyncFeed/2.0/Resources/50de254e-92ba-4197-b59e-154f37327e94,tweede_kamer_documents\50de254e-92ba-4197-b59e-154f37327e94_50de254e-92ba-4197-b59e-154f37327e94.bin
f0ea5156-2044-426a-8a32-41893f8dc2ac,f0ea5156-2044-426a-8a32-41893f8dc2ac,2019-04-01T09:52:55.9030000Z,https://gegevensmagazijn.tweedekamer.nl/SyncFeed/2.0/Resources/f0ea5156-2044-426a-8a32-41893f8dc2ac,tweede_kamer_documents\f0ea5156-2044-426a-8a32-41893f8dc2ac_f0ea5156-2044-426a-8a32-41893f8dc2ac.bin
f78e208c-bc91-43f7-bb01-9265b762df04,f78e208c-bc91-43f7-bb01-9265b762df04,2019-04-01T09:53:06.3400000Z,https://gegevensmagazijn.tweedekamer.nl/SyncFeed/2.0/Resources/f78e208c-bc91-43f7-bb01-9265b762df04,tweede_kamer_documents\f78e208c-bc91-43f7-bb01-9265b762df04_f78e208c-bc91-43f7-bb01-9265b762df04.bin
9186f0ff-66d8-419e-8a5d-e3ad41d5d828,9186f0ff-66d8-419e-8a5d-e3ad41d5d828,2019-04-01T10:26:30.8400000Z,https://gegevensmagazijn.tweedekamer.nl/SyncFeed/2.0/Resources/9186f0ff-66d8-419e-8a5d-e3ad41d5d828,tweede_kamer_documents\9186f0ff-66d8-419e-8a5d-e3ad41d5d828_9186f0ff-66d8-419e-8a5d-e3ad41d5d828.bin
68c120da-cba1-4cb3-bd46-fcd91f9f4f0a,68c120da-cba1-4cb3-bd46-fcd91f9f4f0a,2019-04-01T10:26:41.1830000Z,https://gegevensmagazijn.tweedekamer.nl/SyncFeed/2.0/Resources/68c120da-cba1-4cb3-bd46-fcd91f9f4f0a,tweede_kamer_documents\68c120da-cba1-4cb3-bd46-fcd91f9f4f0a_68c120da-cba1-4cb3-bd46-fcd91f9f4f0a.bin
90b0f20e-d427-469f-b878-6d16c3d77697,90b0f20e-d427-469f-b878-6d16c3d77697,2019-04-01T10:26:50.5270000Z,https://gegevensmagazijn.tweedekamer.nl/SyncFeed/2.0/Resources/90b0f20e-d427-469f-b878-6d16c3d77697,tweede_kamer_documents\90b0f20e-d427-469f-b878-6d16c3d77697_90b0f20e-d427-469f-b878-6d16c3d77697.bin
bd5b5043-67b9-48ab-95ab-dbaa5d1e27dd,bd5b5043-67b9-48ab-95ab-dbaa5d1e27dd,2019-04-01T10:27:00.8870000Z,https://gegevensmagazijn.tweedekamer.nl/SyncFeed/2.0/Resources/bd5b5043-67b9-48ab-95ab-dbaa5d1e27dd,tweede_kamer_documents\bd5b5043-67b9-48ab-95ab-dbaa5d1e27dd_bd5b5043-67b9-48ab-95ab-dbaa5d1e27dd.bin
045a89c5-1ff5-4c99-8b2b-c497787ef00a,045a89c5-1ff5-4c99-8b2b-c497787ef00a,2019-04-01T10:27:10.2300000Z,https://gegevensmagazijn.tweedekamer.nl/SyncFeed/2.0/Resources/045a89c5-1ff5-4c99-8b2b-c497787ef00a,tweede_kamer_documents\045a89c5-1ff5-4c99-8b2b-c497787ef00a_045a89c5-1ff5-4c99-8b2b-c497787ef00a.bin
f1377fd6-890e-43b7-8541-816e96d8bb7b,f1377fd6-890e-43b7-8541-816e96d8bb7b,2019-04-01T10:27:23.7000000Z,https://gegevensmagazijn.tweedekamer.nl/SyncFeed/2.0/Resources/f1377fd6-890e-43b7-8541-816e96d8bb7b,tweede_kamer_documents\f1377fd6-890e-43b7-8541-816e96d8bb7b_f1377fd6-890e-43b7-8541-816e96d8bb7b.bin
bbc541e6-d627-4010-aff3-39c4c930ff14,bbc541e6-d627-4010-aff3-39c4c930ff14,2019-04-01T10:27:41.2470000Z,https://gegevensmagazijn.tweedekamer.nl/SyncFeed/2.0/Resources/bbc541e6-d627-4010-aff3-39c4c930ff14,tweede_kamer_documents\bbc541e6-d627-4010-aff3-39c4c930ff14_bbc541e6-d627-4010-aff3-39c4c930ff14.bin
e7a14a5f-7d00-4456-82a1-87c130f95e27,e7a14a5f-7d00-4456-82a1-87c130f95e27,2019-04-01T10:27:53.6530000Z,https://gegevensmagazijn.tweedekamer.nl/SyncFeed/2.0/Resources/e7a14a5f-7d00-4456-82a1-87c130f95e27,tweede_kamer_documents\e7a14a5f-7d00-4456-82a1-87c130f95e27_e7a14a5f-7d00-4456-82a1-87c130f95e27.bin
3c055fce-e30a-4091-a500-7c1586d7d3d0,3c055fce-e30a-4091-a500-7c1586d7d3d0,2019-04-01T10:28:00.9030000Z,https://gegevensmagazijn.tweedekamer.nl/SyncFeed/2.0/Resources/3c055fce-e30a-4091-a500-7c1586d7d3d0,tweede_kamer_documents\3c055fce-e30a-4091-a500-7c1586d7d3d0_3c055fce-e30a-4091-a500-7c1586d7d3d0.bin
935b577d-f5b7-4364-8ff4-aa10bce9d329,935b577d-f5b7-4364-8ff4-aa10bce9d329,2019-04-01T10:28:13.3270000Z,https://gegevensmagazijn.tweedekamer.nl/SyncFeed/2.0/Resources/935b577d-f5b7-4364-8ff4-aa10bce9d329,tweede_kamer_documents\935b577d-f5b7-4364-8ff4-aa10bce9d329_935b577d-f5b7-4364-8ff4-aa10bce9d329.bin
9068eb9f-e4fc-4d87-a00c-41e7e6d21c70,9068eb9f-e4fc-4d87-a00c-41e7e6d21c70,2019-04-01T10:28:21.6230000Z,https://gegevensmagazijn.tweedekamer.nl/SyncFeed/2.0/Resources/9068eb9f-e4fc-4d87-a00c-41e7e6d21c70,tweede_kamer_documents\9068eb9f-e4fc-4d87-a00c-41e7e6d21c70_9068eb9f-e4fc-4d87-a00c-41e7e6d21c70.bin
b8ab4819-c1be-41a0-a3fc-cce43a402b59,b8ab4819-c1be-41a0-a3fc-cce43a402b59,2019-04-01T10:28:32.9970000Z,https://gegevensmagazijn.tweedekamer.nl/SyncFeed/2.0/Resources/b8ab4819-c1be-41a0-a3fc-cce43a402b59,tweede_kamer_documents\b8ab4819-c1be-41a0-a3fc-cce43a402b59_b8ab4819-c1be-41a0-a3fc-cce43a402b59.bin
55ecb230-93a9-400e-86a9-9ca2cfbc338b,55ecb230-93a9-400e-86a9-9ca2cfbc338b,2019-04-01T10:28:41.2630000Z,https://gegevensmagazijn.tweedekamer.nl/SyncFeed/2.0/Resources/55ecb230-93a9-400e-86a9-9ca2cfbc338b,tweede_kamer_documents\55ecb230-93a9-400e-86a9-9ca2cfbc338b_55ecb230-93a9-400e-86a9-9ca2cfbc338b.bin
34b6484a-125e-4512-bd30-b85117d1d0fd,34b6484a-125e-4512-bd30-b85117d1d0fd,2019-04-01T10:28:50.5770000Z,https://gegevensmagazijn.tweedekamer.nl/SyncFeed/2.0/Resources/34b6484a-125e-4512-bd30-b85117d1d0fd,tweede_kamer_documents\34b6484a-125e-4512-bd30-b85117d1d0fd_34b6484a-125e-4512-bd30-b85117d1d0fd.bin
8ee1fe60-7e1f-4e46-ba46-0390cea0f3b2,8ee1fe60-7e1f-4e46-ba46-0390cea0f3b2,2019-04-01T10:29:00.9970000Z,https://gegevensmagazijn.tweedekamer.nl/SyncFeed/2.0/Resources/8ee1fe60-7e1f-4e46-ba46-0390cea0f3b2,tweede_kamer_documents\8ee1fe60-7e1f-4e46-ba46-0390cea0f3b2_8ee1fe60-7e1f-4e46-ba46-0390cea0f3b2.bin
7a1a5604-e0ae-4469-be18-b81ca98b5923,7a1a5604-e0ae-4469-be18-b81ca98b5923,2019-04-01T10:29:11.9030000Z,https://gegevensmagazijn.tweedekamer.nl/SyncFeed/2.0/Resources/7a1a5604-e0ae-4469-be18-b81ca98b5923,tweede_kamer_documents\7a1a5604-e0ae-4469-be18-b81ca98b5923_7a1a5604-e0ae-4469-be18-b81ca98b5923.bin
b152374a-b5c6-4155-aee8-f8edbdd6fdbc,b152374a-b5c6-4155-aee8-f8edbdd6fdbc,2019-04-01T10:29:21.2170000Z,https://gegevensmagazijn.tweedekamer.nl/SyncFeed/2.0/Resources/b152374a-b5c6-4155-aee8-f8edbdd6fdbc,tweede_kamer_documents\b152374a-b5c6-4155-aee8-f8edbdd6fdbc_b152374a-b5c6-4155-aee8-f8edbdd6fdbc.bin
1e34e981-f4b9-4228-ae60-3c303966af36,1e34e981-f4b9-4228-ae60-3c303966af36,2019-04-01T10:29:35.1570000Z,https://gegevensmagazijn.tweedekamer.nl/SyncFeed/2.0/Resources/1e34e981-f4b9-4228-ae60-3c303966af36,tweede_kamer_documents\1e34e981-f4b9-4228-ae60-3c303966af36_1e34e981-f4b9-4228-ae60-3c303966af36.bin
3d2d7c48-4781-4698-8eed-1690814ef6cd,3d2d7c48-4781-4698-8eed-1690814ef6cd,2019-04-01T10:29:42.4970000Z,https://gegevensmagazijn.tweedekamer.nl/SyncFeed/2.0/Resources/3d2d7c48-4781-4698-8eed-1690814ef6cd,tweede_kamer_documents\3d2d7c48-4781-4698-8eed-1690814ef6cd_3d2d7c48-4781-4698-8eed-1690814ef6cd.bin
df65a2d5-a4a7-4449-a54d-b81638b1b23c,df65a2d5-a4a7-4449-a54d-b81638b1b23c,2019-04-01T10:29:51.8570000Z,https://gegevensmagazijn.tweedekamer.nl/SyncFeed/2.0/Resources/df65a2d5-a4a7-4449-a54d-b81638b1b23c,tweede_kamer_documents\df65a2d5-a4a7-4449-a54d-b81638b1b23c_df65a2d5-a4a7-4449-a54d-b81638b1b23c.bin
66807380-6f29-4ef8-8ca7-eea3c0ec35a9,66807380-6f29-4ef8-8ca7-eea3c0ec35a9,2019-04-01T10:30:02.2170000Z,https://gegevensmagazijn.tweedekamer.nl/SyncFeed/2.0/Resources/66807380-6f29-4ef8-8ca7-eea3c0ec35a9,tweede_kamer_documents\66807380-6f29-4ef8-8ca7-eea3c0ec35a9_66807380-6f29-4ef8-8ca7-eea3c0ec35a9.bin
c17b2025-9b17-4ee4-857c-8e5a718e63ba,c17b2025-9b17-4ee4-857c-8e5a718e63ba,2019-04-01T10:30:11.6230000Z,https://gegevensmagazijn.tweedekamer.nl/SyncFeed/2.0/Resources/c17b2025-9b17-4ee4-857c-8e5a718e63ba,tweede_kamer_documents\c17b2025-9b17-4ee4-857c-8e5a718e63ba_c17b2025-9b17-4ee4-857c-8e5a718e63ba.bin
e659cad7-ac51-4cf9-9239-2324dbe2430c,e659cad7-ac51-4cf9-9239-2324dbe2430c,2019-04-01T10:30:22.3570000Z,https://gegevensmagazijn.tweedekamer.nl/SyncFeed/2.0/Resources/e659cad7-ac51-4cf9-9239-2324dbe2430c,tweede_kamer_documents\e659cad7-ac51-4cf9-9239-2324dbe2430c_e659cad7-ac51-4cf9-9239-2324dbe2430c.bin
6d8ea2b2-a695-458e-be41-3900a450de77,6d8ea2b2-a695-458e-be41-3900a450de77,2019-04-01T10:30:31.6700000Z,https://gegevensmagazijn.tweedekamer.nl/SyncFeed/2.0/Resources/6d8ea2b2-a695-458e-be41-3900a450de77,tweede_kamer_documents\6d8ea2b2-a695-458e-be41-3900a450de77_6d8ea2b2-a695-458e-be41-3900a450de77.bin
ee041f7e-a183-4be4-994f-2d99ca2c5da8,ee041f7e-a183-4be4-994f-2d99ca2c5da8,2019-04-01T10:30:42.1870000Z,https://gegevensmagazijn.tweedekamer.nl/SyncFeed/2.0/Resources/ee041f7e-a183-4be4-994f-2d99ca2c5da8,tweede_kamer_documents\ee041f7e-a183-4be4-994f-2d99ca2c5da8_ee041f7e-a183-4be4-994f-2d99ca2c5da8.bin
d229e68b-7212-4614-be00-64b2c3c915f8,d229e68b-7212-4614-be00-64b2c3c915f8,2019-04-01T10:30:52.5630000Z,https://gegevensmagazijn.tweedekamer.nl/SyncFeed/2.0/Resources/d229e68b-7212-4614-be00-64b2c3c915f8,tweede_kamer_documents\d229e68b-7212-4614-be00-64b2c3c915f8_d229e68b-7212-4614-be00-64b2c3c915f8.bin
0caf836d-b2f0-4302-9eaf-18e8a5f74004,0caf836d-b2f0-4302-9eaf-18e8a5f74004,2019-04-01T10:31:01.0170000Z,https://gegevensmagazijn.tweedekamer.nl/SyncFeed/2.0/Resources/0caf836d-b2f0-4302-9eaf-18e8a5f74004,tweede_kamer_documents\0caf836d-b2f0-4302-9eaf-18e8a5f74004_0caf836d-b2f0-4302-9eaf-18e8a5f74004.bin
72d24ea0-40ef-4b90-8722-741d33a43370,72d24ea0-40ef-4b90-8722-741d33a43370,2019-04-01T10:31:12.6730000Z,https://gegevensmagazijn.tweedekamer.nl/SyncFeed/2.0/Resources/72d24ea0-40ef-4b90-8722-741d33a43370,tweede_kamer_documents\72d24ea0-40ef-4b90-8722-741d33a43370_72d24ea0-40ef-4b90-8722-741d33a43370.bin
f9952570-f50b-4446-9410-3a25fb4abcde,f9952570-f50b-4446-9410-3a25fb4abcde,2019-04-01T10:31:21.9700000Z,https://gegevensmagazijn.tweedekamer.nl/SyncFeed/2.0/Resources/f9952570-f50b-4446-9410-3a25fb4abcde,tweede_kamer_documents\f9952570-f50b-4446-9410-3a25fb4abcde_f9952570-f50b-4446-9410-3a25fb4abcde.bin
625c6224-e254-4c68-89cb-56c7060cc678,625c6224-e254-4c68-89cb-56c7060cc678,2019-04-01T10:31:32.3270000Z,https://gegevensmagazijn.tweedekamer.nl/SyncFeed/2.0/Resources/625c6224-e254-4c68-89cb-56c7060cc678,tweede_kamer_documents\625c6224-e254-4c68-89cb-56c7060cc678_625c6224-e254-4c68-89cb-56c7060cc678.bin
eb33d143-b1df-4c8e-9ab0-107c660a6953,eb33d143-b1df-4c8e-9ab0-107c660a6953,2019-04-01T10:31:41.6570000Z,https://gegevensmagazijn.tweedekamer.nl/SyncFeed/2.0/Resources/eb33d143-b1df-4c8e-9ab0-107c660a6953,tweede_kamer_documents\eb33d143-b1df-4c8e-9ab0-107c660a6953_eb33d143-b1df-4c8e-9ab0-107c660a6953.bin
b14b9939-d228-4300-8785-1dfcf9749134,b14b9939-d228-4300-8785-1dfcf9749134,2019-04-01T10:31:53.0330000Z,https://gegevensmagazijn.tweedekamer.nl/SyncFeed/2.0/Resources/b14b9939-d228-4300-8785-1dfcf9749134,tweede_kamer_documents\b14b9939-d228-4300-8785-1dfcf9749134_b14b9939-d228-4300-8785-1dfcf9749134.bin
15921232-ff51-4f67-97c4-a6b306049726,15921232-ff51-4f67-97c4-a6b306049726,2019-04-01T10:32:02.3300000Z,https://gegevensmagazijn.tweedekamer.nl/SyncFeed/2.0/Resources/15921232-ff51-4f67-97c4-a6b306049726,tweede_kamer_documents\15921232-ff51-4f67-97c4-a6b306049726_15921232-ff51-4f67-97c4-a6b306049726.bin
ecaf910a-f321-4852-814d-6b6d9cfd6dd9,ecaf910a-f321-4852-814d-6b6d9cfd6dd9,2019-04-01T10:32:12.6870000Z,https://gegevensmagazijn.tweedekamer.nl/SyncFeed/2.0/Resources/ecaf910a-f321-4852-814d-6b6d9cfd6dd9,tweede_kamer_documents\ecaf910a-f321-4852-814d-6b6d9cfd6dd9_ecaf910a-f321-4852-814d-6b6d9cfd6dd9.bin
aaa8dda2-e63c-43bd-adf4-376bfd9d18fb,aaa8dda2-e63c-43bd-adf4-376bfd9d18fb,2019-04-01T10:32:24.0470000Z,https://gegevensmagazijn.tweedekamer.nl/SyncFeed/2.0/Resources/aaa8dda2-e63c-43bd-adf4-376bfd9d18fb,tweede_kamer_documents\aaa8dda2-e63c-43bd-adf4-376bfd9d18fb_aaa8dda2-e63c-43bd-adf4-376bfd9d18fb.bin
93e3eee3-fb9f-4d26-8e0e-106f5c8a4f00,93e3eee3-fb9f-4d26-8e0e-106f5c8a4f00,2019-04-01T10:32:32.3300000Z,https://gegevensmagazijn.tweedekamer.nl/SyncFeed/2.0/Resources/93e3eee3-fb9f-4d26-8e0e-106f5c8a4f00,tweede_kamer_documents\93e3eee3-fb9f-4d26-8e0e-106f5c8a4f00_93e3eee3-fb9f-4d26-8e0e-106f5c8a4f00.bin
dd1a9f46-ddd4-44b7-bf07-db01ffcb27d9,dd1a9f46-ddd4-44b7-bf07-db01ffcb27d9,2019-04-01T10:32:43.7030000Z,https://gegevensmagazijn.tweedekamer.nl/SyncFeed/2.0/Resources/dd1a9f46-ddd4-44b7-bf07-db01ffcb27d9,tweede_kamer_documents\dd1a9f46-ddd4-44b7-bf07-db01ffcb27d9_dd1a9f46-ddd4-44b7-bf07-db01ffcb27d9.bin
470a7a38-6691-4a00-84bf-92adc96b11ae,470a7a38-6691-4a00-84bf-92adc96b11ae,2019-04-01T10:32:51.9870000Z,https://gegevensmagazijn.tweedekamer.nl/SyncFeed/2.0/Resources/470a7a38-6691-4a00-84bf-92adc96b11ae,tweede_kamer_documents\470a7a38-6691-4a00-84bf-92adc96b11ae_470a7a38-6691-4a00-84bf-92adc96b11ae.bin
db7ee250-bdfd-443e-b371-abd91cbf5671,db7ee250-bdfd-443e-b371-abd91cbf5671,2019-04-01T10:33:03.3600000Z,https://gegevensmagazijn.tweedekamer.nl/SyncFeed/2.0/Resources/db7ee250-bdfd-443e-b371-abd91cbf5671,tweede_kamer_documents\db7ee250-bdfd-443e-b371-abd91cbf5671_db7ee250-bdfd-443e-b371-abd91cbf5671.bin
82d41212-7519-4e86-989c-5665bdef4501,82d41212-7519-4e86-989c-5665bdef4501,2019-04-01T10:33:11.6270000Z,https://gegevensmagazijn.tweedekamer.nl/SyncFeed/2.0/Resources/82d41212-7519-4e86-989c-5665bdef4501,tweede_kamer_documents\82d41212-7519-4e86-989c-5665bdef4501_82d41212-7519-4e86-989c-5665bdef4501.bin
af9ebb02-14c9-4c87-92af-47e127256748,af9ebb02-14c9-4c87-92af-47e127256748,2019-04-01T10:33:20.9230000Z,https://gegevensmagazijn.tweedekamer.nl/SyncFeed/2.0/Resources/af9ebb02-14c9-4c87-92af-47e127256748,tweede_kamer_documents\af9ebb02-14c9-4c87-92af-47e127256748_af9ebb02-14c9-4c87-92af-47e127256748.bin
7c4717e8-6c9c-45a5-923e-382f850b81ff,7c4717e8-6c9c-45a5-923e-382f850b81ff,2019-04-01T10:33:42.6570000Z,https://gegevensmagazijn.tweedekamer.nl/SyncFeed/2.0/Resources/7c4717e8-6c9c-45a5-923e-382f850b81ff,tweede_kamer_documents\7c4717e8-6c9c-45a5-923e-382f850b81ff_7c4717e8-6c9c-45a5-923e-382f850b81ff.bin
9463bc28-8faa-496f-bbda-4c4045a8048a,9463bc28-8faa-496f-bbda-4c4045a8048a,2019-04-01T10:33:51.9870000Z,https://gegevensmagazijn.tweedekamer.nl/SyncFeed/2.0/Resources/9463bc28-8faa-496f-bbda-4c4045a8048a,tweede_kamer_documents\9463bc28-8faa-496f-bbda-4c4045a8048a_9463bc28-8faa-496f-bbda-4c4045a8048a.bin
79a67e3d-c60f-4926-983d-a1e0585e0bf2,79a67e3d-c60f-4926-983d-a1e0585e0bf2,2019-04-01T10:34:11.6430000Z,https://gegevensmagazijn.tweedekamer.nl/SyncFeed/2.0/Resources/79a67e3d-c60f-4926-983d-a1e0585e0bf2,tweede_kamer_documents\79a67e3d-c60f-4926-983d-a1e0585e0bf2_79a67e3d-c60f-4926-983d-a1e0585e0bf2.bin
8a29c691-1693-4d18-89fd-7f5517a3a975,8a29c691-1693-4d18-89fd-7f5517a3a975,2019-04-01T10:34:23.0170000Z,https://gegevensmagazijn.tweedekamer.nl/SyncFeed/2.0/Resources/8a29c691-1693-4d18-89fd-7f5517a3a975,tweede_kamer_documents\8a29c691-1693-4d18-89fd-7f5517a3a975_8a29c691-1693-4d18-89fd-7f5517a3a975.bin
296121b8-3363-4b8d-b135-821160a7bf9c,296121b8-3363-4b8d-b135-821160a7bf9c,2019-04-01T10:34:33.4270000Z,https://gegevensmagazijn.tweedekamer.nl/SyncFeed/2.0/Resources/296121b8-3363-4b8d-b135-821160a7bf9c,tweede_kamer_documents\296121b8-3363-4b8d-b135-821160a7bf9c_296121b8-3363-4b8d-b135-821160a7bf9c.bin
865dca58-3868-4964-8626-7e4f8b846e30,865dca58-3868-4964-8626-7e4f8b846e30,2019-04-01T10:34:41.6900000Z,https://gegevensmagazijn.tweedekamer.nl/SyncFeed/2.0/Resources/865dca58-3868-4964-8626-7e4f8b846e30,tweede_kamer_documents\865dca58-3868-4964-8626-7e4f8b846e30_865dca58-3868-4964-8626-7e4f8b846e30.bin
388d0952-aae2-48e8-9289-923f25ae94cb,388d0952-aae2-48e8-9289-923f25ae94cb,2019-04-01T10:34:53.0670000Z,https://gegevensmagazijn.tweedekamer.nl/SyncFeed/2.0/Resources/388d0952-aae2-48e8-9289-923f25ae94cb,tweede_kamer_documents\388d0952-aae2-48e8-9289-923f25ae94cb_388d0952-aae2-48e8-9289-923f25ae94cb.bin
b5bc480b-74a0-4732-a6dc-385f17d074c3,b5bc480b-74a0-4732-a6dc-385f17d074c3,2019-04-01T10:35:01.3630000Z,https://gegevensmagazijn.tweedekamer.nl/SyncFeed/2.0/Resources/b5bc480b-74a0-4732-a6dc-385f17d074c3,tweede_kamer_documents\b5bc480b-74a0-4732-a6dc-385f17d074c3_b5bc480b-74a0-4732-a6dc-385f17d074c3.bin
8497877f-116a-4b6d-bd5d-aaf7222e0b08,8497877f-116a-4b6d-bd5d-aaf7222e0b08,2019-04-01T10:35:11.7230000Z,https://gegevensmagazijn.tweedekamer.nl/SyncFeed/2.0/Resources/8497877f-116a-4b6d-bd5d-aaf7222e0b08,tweede_kamer_documents\8497877f-116a-4b6d-bd5d-aaf7222e0b08_8497877f-116a-4b6d-bd5d-aaf7222e0b08.bin
1975e53d-0f93-4650-8617-1b8c2cb613c9,1975e53d-0f93-4650-8617-1b8c2cb613c9,2019-04-01T10:35:22.0670000Z,https://gegevensmagazijn.tweedekamer.nl/SyncFeed/2.0/Resources/1975e53d-0f93-4650-8617-1b8c2cb613c9,tweede_kamer_documents\1975e53d-0f93-4650-8617-1b8c2cb613c9_1975e53d-0f93-4650-8617-1b8c2cb613c9.bin
fcaf8936-b088-4e0f-8611-83faf935071b,fcaf8936-b088-4e0f-8611-83faf935071b,2019-04-01T10:35:33.4400000Z,https://gegevensmagazijn.tweedekamer.nl/SyncFeed/2.0/Resources/fcaf8936-b088-4e0f-8611-83faf935071b,tweede_kamer_documents\fcaf8936-b088-4e0f-8611-83faf935071b_fcaf8936-b088-4e0f-8611-83faf935071b.bin
be706d91-5333-47d5-8146-85c93b14752f,be706d91-5333-47d5-8146-85c93b14752f,2019-04-01T10:35:43.8330000Z,https://gegevensmagazijn.tweedekamer.nl/SyncFeed/2.0/Resources/be706d91-5333-47d5-8146-85c93b14752f,tweede_kamer_documents\be706d91-5333-47d5-8146-85c93b14752f_be706d91-5333-47d5-8146-85c93b14752f.bin
c5a4846c-3c14-4a41-b8a9-cd51dbb11e8d,c5a4846c-3c14-4a41-b8a9-cd51dbb11e8d,2019-04-01T10:35:53.1770000Z,https://gegevensmagazijn.tweedekamer.nl/SyncFeed/2.0/Resources/c5a4846c-3c14-4a41-b8a9-cd51dbb11e8d,tweede_kamer_documents\c5a4846c-3c14-4a41-b8a9-cd51dbb11e8d_c5a4846c-3c14-4a41-b8a9-cd51dbb11e8d.bin
ac704400-cfb5-451c-b5ab-903b497708fb,ac704400-cfb5-451c-b5ab-903b497708fb,2019-04-01T10:36:04.5500000Z,https://gegevensmagazijn.tweedekamer.nl/SyncFeed/2.0/Resources/ac704400-cfb5-451c-b5ab-903b497708fb,tweede_kamer_documents\ac704400-cfb5-451c-b5ab-903b497708fb_ac704400-cfb5-451c-b5ab-903b497708fb.bin
de48fa01-73a2-428a-9c9b-a8cb5376fe05,de48fa01-73a2-428a-9c9b-a8cb5376fe05,2019-04-01T10:36:22.1300000Z,https://gegevensmagazijn.tweedekamer.nl/SyncFeed/2.0/Resources/de48fa01-73a2-428a-9c9b-a8cb5376fe05,tweede_kamer_documents\de48fa01-73a2-428a-9c9b-a8cb5376fe05_de48fa01-73a2-428a-9c9b-a8cb5376fe05.bin
821e0eb2-2b21-4282-b9d0-334a19ff82b3,821e0eb2-2b21-4282-b9d0-334a19ff82b3,2019-04-01T10:36:32.5070000Z,https://gegevensmagazijn.tweedekamer.nl/SyncFeed/2.0/Resources/821e0eb2-2b21-4282-b9d0-334a19ff82b3,tweede_kamer_documents\821e0eb2-2b21-4282-b9d0-334a19ff82b3_821e0eb2-2b21-4282-b9d0-334a19ff82b3.bin
1cb0e2ea-a67e-4826-a9e3-045294a72562,1cb0e2ea-a67e-4826-a9e3-045294a72562,2019-04-01T10:36:41.8170000Z,https://gegevensmagazijn.tweedekamer.nl/SyncFeed/2.0/Resources/1cb0e2ea-a67e-4826-a9e3-045294a72562,tweede_kamer_documents\1cb0e2ea-a67e-4826-a9e3-045294a72562_1cb0e2ea-a67e-4826-a9e3-045294a72562.bin
2c43a259-ba01-4641-b50a-fe60a7d83407,2c43a259-ba01-4641-b50a-fe60a7d83407,2019-04-01T10:36:52.1600000Z,https://gegevensmagazijn.tweedekamer.nl/SyncFeed/2.0/Resources/2c43a259-ba01-4641-b50a-fe60a7d83407,tweede_kamer_documents\2c43a259-ba01-4641-b50a-fe60a7d83407_2c43a259-ba01-4641-b50a-fe60a7d83407.bin
4d2f898d-96eb-4922-ae43-a212da1e9585,4d2f898d-96eb-4922-ae43-a212da1e9585,2019-04-01T10:37:13.8800000Z,https://gegevensmagazijn.tweedekamer.nl/SyncFeed/2.0/Resources/4d2f898d-96eb-4922-ae43-a212da1e9585,tweede_kamer_documents\4d2f898d-96eb-4922-ae43-a212da1e9585_4d2f898d-96eb-4922-ae43-a212da1e9585.bin
76a8aa6e-3b89-44db-a8c6-ef0e09bfc616,76a8aa6e-3b89-44db-a8c6-ef0e09bfc616,2019-04-01T10:37:22.1470000Z,https://gegevensmagazijn.tweedekamer.nl/SyncFeed/2.0/Resources/76a8aa6e-3b89-44db-a8c6-ef0e09bfc616,tweede_kamer_documents\76a8aa6e-3b89-44db-a8c6-ef0e09bfc616_76a8aa6e-3b89-44db-a8c6-ef0e09bfc616.bin
73ed230f-36af-4b90-9525-80021f501dbe,73ed230f-36af-4b90-9525-80021f501dbe,2019-04-01T10:37:32.4730000Z,https://gegevensmagazijn.tweedekamer.nl/SyncFeed/2.0/Resources/73ed230f-36af-4b90-9525-80021f501dbe,tweede_kamer_documents\73ed230f-36af-4b90-9525-80021f501dbe_73ed230f-36af-4b90-9525-80021f501dbe.bin
eac0ef2e-5881-4fa7-a0b7-8a5dff53c910,eac0ef2e-5881-4fa7-a0b7-8a5dff53c910,2019-04-01T10:37:43.8500000Z,https://gegevensmagazijn.tweedekamer.nl/SyncFeed/2.0/Resources/eac0ef2e-5881-4fa7-a0b7-8a5dff53c910,tweede_kamer_documents\eac0ef2e-5881-4fa7-a0b7-8a5dff53c910_eac0ef2e-5881-4fa7-a0b7-8a5dff53c910.bin
16e8c90e-46f5-44bf-b507-32fcb06447cb,16e8c90e-46f5-44bf-b507-32fcb06447cb,2019-04-01T10:37:53.1630000Z,https://gegevensmagazijn.tweedekamer.nl/SyncFeed/2.0/Resources/16e8c90e-46f5-44bf-b507-32fcb06447cb,tweede_kamer_documents\16e8c90e-46f5-44bf-b507-32fcb06447cb_16e8c90e-46f5-44bf-b507-32fcb06447cb.bin
